{
	"credit": "Made with Blockbench",
	"parent": "brown_dye",
	"textures": {
		"0": "item/brown_dye",
		"particle": "item/brown_dye"
	},
	"elements": [
		{
			"from": [10, 2, 8],
			"to": [13, 2.5, 11],
			"rotation": {"angle": -22.5, "axis": "y", "origin": [11.5, 2, 9.5]},
			"faces": {
				"north": {"uv": [3, 2, 6, 2.5], "texture": "#0"},
				"east": {"uv": [3, 1, 6, 1.5], "texture": "#0"},
				"south": {"uv": [3, 0, 6, 0.5], "texture": "#0"},
				"west": {"uv": [3, 3, 6, 3.5], "texture": "#0"},
				"up": {"uv": [0, 3, 3, 6], "rotation": 270, "texture": "#0"},
				"down": {"uv": [0, 0, 3, 3], "rotation": 90, "texture": "#0"}
			}
		},
		{
			"from": [10, 2.5, 5],
			"to": [13, 3, 8],
			"rotation": {"angle": 0, "axis": "y", "origin": [11.5, 2.5, 6.5]},
			"faces": {
				"north": {"uv": [3, 2, 6, 2.5], "texture": "#0"},
				"east": {"uv": [3, 1, 6, 1.5], "texture": "#0"},
				"south": {"uv": [3, 0, 6, 0.5], "texture": "#0"},
				"west": {"uv": [3, 3, 6, 3.5], "texture": "#0"},
				"up": {"uv": [0, 3, 3, 6], "rotation": 270, "texture": "#0"},
				"down": {"uv": [0, 0, 3, 3], "rotation": 90, "texture": "#0"}
			}
		},
		{
			"from": [10, 3, 5],
			"to": [13, 3.5, 8],
			"rotation": {"angle": 22.5, "axis": "y", "origin": [11.5, 3, 6.5]},
			"faces": {
				"north": {"uv": [3, 2, 6, 2.5], "texture": "#0"},
				"east": {"uv": [3, 1, 6, 1.5], "texture": "#0"},
				"south": {"uv": [3, 0, 6, 0.5], "texture": "#0"},
				"west": {"uv": [3, 3, 6, 3.5], "texture": "#0"},
				"up": {"uv": [0, 3, 3, 6], "rotation": 270, "texture": "#0"},
				"down": {"uv": [0, 0, 3, 3], "rotation": 90, "texture": "#0"}
			}
		},
		{
			"from": [6, 6, 6],
			"to": [9, 6.5, 9],
			"rotation": {"angle": 22.5, "axis": "y", "origin": [7.5, 6, 7.5]},
			"faces": {
				"north": {"uv": [3, 2, 6, 2.5], "texture": "#0"},
				"east": {"uv": [3, 1, 6, 1.5], "texture": "#0"},
				"south": {"uv": [3, 0, 6, 0.5], "texture": "#0"},
				"west": {"uv": [3, 3, 6, 3.5], "texture": "#0"},
				"up": {"uv": [0, 3, 3, 6], "rotation": 270, "texture": "#0"},
				"down": {"uv": [0, 0, 3, 3], "rotation": 90, "texture": "#0"}
			}
		},
		{
			"from": [1, 0, 12],
			"to": [4, 0.5, 15],
			"rotation": {"angle": -45, "axis": "y", "origin": [2.5, 0, 13.5]},
			"faces": {
				"north": {"uv": [3, 2, 6, 2.5], "texture": "#0"},
				"east": {"uv": [3, 1, 6, 1.5], "texture": "#0"},
				"south": {"uv": [3, 0, 6, 0.5], "texture": "#0"},
				"west": {"uv": [3, 3, 6, 3.5], "texture": "#0"},
				"up": {"uv": [0, 3, 3, 6], "rotation": 270, "texture": "#0"},
				"down": {"uv": [0, 0, 3, 3], "rotation": 90, "texture": "#0"}
			}
		},
		{
			"from": [9, 0, 11],
			"to": [12, 0.5, 14],
			"rotation": {"angle": -22.5, "axis": "y", "origin": [10.5, 0, 12.5]},
			"faces": {
				"north": {"uv": [3, 2, 6, 2.5], "texture": "#0"},
				"east": {"uv": [3, 1, 6, 1.5], "texture": "#0"},
				"south": {"uv": [3, 0, 6, 0.5], "texture": "#0"},
				"west": {"uv": [3, 3, 6, 3.5], "texture": "#0"},
				"up": {"uv": [0, 3, 3, 6], "rotation": 270, "texture": "#0"},
				"down": {"uv": [0, 0, 3, 3], "rotation": 90, "texture": "#0"}
			}
		},
		{
			"from": [12, 0, 4],
			"to": [15, 0.5, 7],
			"rotation": {"angle": -22.5, "axis": "y", "origin": [13.5, 0, 5.5]},
			"faces": {
				"north": {"uv": [3, 2, 6, 2.5], "texture": "#0"},
				"east": {"uv": [3, 1, 6, 1.5], "texture": "#0"},
				"south": {"uv": [3, 0, 6, 0.5], "texture": "#0"},
				"west": {"uv": [3, 3, 6, 3.5], "texture": "#0"},
				"up": {"uv": [0, 3, 3, 6], "rotation": 270, "texture": "#0"},
				"down": {"uv": [0, 0, 3, 3], "rotation": 90, "texture": "#0"}
			}
		},
		{
			"from": [5, 1, 11],
			"to": [8, 1.5, 14],
			"rotation": {"angle": -22.5, "axis": "y", "origin": [6.5, 1, 12.5]},
			"faces": {
				"north": {"uv": [3, 2, 6, 2.5], "texture": "#0"},
				"east": {"uv": [3, 1, 6, 1.5], "texture": "#0"},
				"south": {"uv": [3, 0, 6, 0.5], "texture": "#0"},
				"west": {"uv": [3, 3, 6, 3.5], "texture": "#0"},
				"up": {"uv": [0, 3, 3, 6], "rotation": 270, "texture": "#0"},
				"down": {"uv": [0, 0, 3, 3], "rotation": 90, "texture": "#0"}
			}
		},
		{
			"from": [9, 2, 3],
			"to": [12, 2.5, 6],
			"rotation": {"angle": 22.5, "axis": "y", "origin": [10.5, 2, 4.5]},
			"faces": {
				"north": {"uv": [3, 3, 6, 3.5], "texture": "#0"},
				"east": {"uv": [3, 2, 6, 2.5], "texture": "#0"},
				"south": {"uv": [3, 1, 6, 1.5], "texture": "#0"},
				"west": {"uv": [3, 0, 6, 0.5], "texture": "#0"},
				"up": {"uv": [0, 3, 3, 6], "texture": "#0"},
				"down": {"uv": [0, 0, 3, 3], "texture": "#0"}
			}
		},
		{
			"from": [2, 2, 8],
			"to": [5, 2.5, 11],
			"rotation": {"angle": 22.5, "axis": "y", "origin": [3.5, 2, 9.5]},
			"faces": {
				"north": {"uv": [3, 3, 6, 3.5], "texture": "#0"},
				"east": {"uv": [3, 2, 6, 2.5], "texture": "#0"},
				"south": {"uv": [3, 1, 6, 1.5], "texture": "#0"},
				"west": {"uv": [3, 0, 6, 0.5], "texture": "#0"},
				"up": {"uv": [0, 3, 3, 6], "texture": "#0"},
				"down": {"uv": [0, 0, 3, 3], "texture": "#0"}
			}
		},
		{
			"from": [4, 4, 4],
			"to": [7, 4.5, 7],
			"rotation": {"angle": 45, "axis": "y", "origin": [5.5, 4, 5.5]},
			"faces": {
				"north": {"uv": [3, 2, 6, 3], "texture": "#0"},
				"east": {"uv": [3, 3, 6, 4], "texture": "#0"},
				"south": {"uv": [3, 0, 6, 1], "texture": "#0"},
				"west": {"uv": [3, 1, 6, 2], "texture": "#0"},
				"up": {"uv": [3, 3, 0, 0], "rotation": 180, "texture": "#0"},
				"down": {"uv": [3, 3, 0, 6], "rotation": 180, "texture": "#0"}
			}
		},
		{
			"from": [5, 0.5, 11],
			"to": [8, 1, 14],
			"rotation": {"angle": 0, "axis": "y", "origin": [6.5, 0.5, 12.5]},
			"faces": {
				"north": {"uv": [3, 3, 6, 3.5], "texture": "#0"},
				"east": {"uv": [3, 2, 6, 2.5], "texture": "#0"},
				"south": {"uv": [3, 1, 6, 1.5], "texture": "#0"},
				"west": {"uv": [3, 0, 6, 0.5], "texture": "#0"},
				"up": {"uv": [0, 0, 3, 3], "texture": "#0"},
				"down": {"uv": [0, 3, 3, 6], "texture": "#0"}
			}
		},
		{
			"from": [5, 0, 11],
			"to": [8, 0.5, 14],
			"rotation": {"angle": 22.5, "axis": "y", "origin": [6.5, 0, 12.5]},
			"faces": {
				"north": {"uv": [3, 3, 6, 3.5], "texture": "#0"},
				"east": {"uv": [3, 2, 6, 2.5], "texture": "#0"},
				"south": {"uv": [3, 1, 6, 1.5], "texture": "#0"},
				"west": {"uv": [3, 0, 6, 0.5], "texture": "#0"},
				"up": {"uv": [0, 0, 3, 3], "texture": "#0"},
				"down": {"uv": [0, 3, 3, 6], "texture": "#0"}
			}
		},
		{
			"from": [6, 0, 7],
			"to": [9, 2, 10],
			"rotation": {"angle": 0, "axis": "y", "origin": [7.5, 1.25, 8.5]},
			"faces": {
				"north": {"uv": [6, 0, 9, 4], "texture": "#0"},
				"east": {"uv": [6, 0, 9, 4], "texture": "#0"},
				"south": {"uv": [6, 0, 9, 4], "texture": "#0"},
				"west": {"uv": [6, 0, 9, 4], "texture": "#0"},
				"up": {"uv": [0, 0, 3, 3], "texture": "#0"},
				"down": {"uv": [0, 0, 3, 3], "texture": "#0"}
			}
		},
		{
			"from": [10, 0, 7],
			"to": [13, 2, 10],
			"rotation": {"angle": 45, "axis": "y", "origin": [11.5, 1.25, 8.5]},
			"faces": {
				"north": {"uv": [6, 0, 9, 4], "texture": "#0"},
				"east": {"uv": [6, 0, 9, 4], "texture": "#0"},
				"south": {"uv": [6, 0, 9, 4], "texture": "#0"},
				"west": {"uv": [6, 0, 9, 4], "texture": "#0"},
				"up": {"uv": [0, 0, 3, 3], "rotation": 90, "texture": "#0"},
				"down": {"uv": [0, 0, 3, 3], "rotation": 270, "texture": "#0"}
			}
		},
		{
			"from": [4, 0, 4],
			"to": [7, 2, 7],
			"rotation": {"angle": 22.5, "axis": "y", "origin": [5.5, 1.25, 5.5]},
			"faces": {
				"north": {"uv": [6, 0, 9, 4], "texture": "#0"},
				"east": {"uv": [6, 0, 9, 4], "texture": "#0"},
				"south": {"uv": [6, 0, 9, 4], "texture": "#0"},
				"west": {"uv": [6, 0, 9, 4], "texture": "#0"},
				"up": {"uv": [0, 0, 3, 3], "texture": "#0"},
				"down": {"uv": [0, 0, 3, 3], "texture": "#0"}
			}
		},
		{
			"from": [4, 2, 4],
			"to": [7, 4, 7],
			"rotation": {"angle": 22.5, "axis": "y", "origin": [5.5, 3.25, 5.5]},
			"faces": {
				"north": {"uv": [6, 0, 9, 4], "texture": "#0"},
				"east": {"uv": [6, 0, 9, 4], "texture": "#0"},
				"south": {"uv": [6, 0, 9, 4], "texture": "#0"},
				"west": {"uv": [6, 0, 9, 4], "texture": "#0"},
				"up": {"uv": [0, 0, 3, 3], "rotation": 270, "texture": "#0"},
				"down": {"uv": [0, 0, 3, 3], "rotation": 90, "texture": "#0"}
			}
		},
		{
			"from": [2, 0, 8],
			"to": [5, 2, 11],
			"rotation": {"angle": 0, "axis": "y", "origin": [3.5, 1.25, 9.5]},
			"faces": {
				"north": {"uv": [6, 0, 9, 4], "texture": "#0"},
				"east": {"uv": [6, 0, 9, 4], "texture": "#0"},
				"south": {"uv": [6, 0, 9, 4], "texture": "#0"},
				"west": {"uv": [6, 0, 9, 4], "texture": "#0"},
				"up": {"uv": [0, 0, 3, 3], "rotation": 270, "texture": "#0"},
				"down": {"uv": [0, 0, 3, 3], "rotation": 90, "texture": "#0"}
			}
		},
		{
			"from": [6, 2, 7],
			"to": [9, 4, 10],
			"rotation": {"angle": 22.5, "axis": "y", "origin": [7.5, 3.25, 8.5]},
			"faces": {
				"north": {"uv": [6, 0, 9, 4], "texture": "#0"},
				"east": {"uv": [6, 0, 9, 4], "texture": "#0"},
				"south": {"uv": [6, 0, 9, 4], "texture": "#0"},
				"west": {"uv": [6, 0, 9, 4], "texture": "#0"},
				"up": {"uv": [0, 0, 3, 3], "rotation": 90, "texture": "#0"},
				"down": {"uv": [0, 0, 3, 3], "rotation": 270, "texture": "#0"}
			}
		},
		{
			"from": [6, 4, 7],
			"to": [9, 6, 10],
			"rotation": {"angle": 0, "axis": "y", "origin": [7.5, 5.25, 8.5]},
			"faces": {
				"north": {"uv": [6, 0, 9, 4], "texture": "#0"},
				"east": {"uv": [6, 0, 9, 4], "texture": "#0"},
				"south": {"uv": [6, 0, 9, 4], "texture": "#0"},
				"west": {"uv": [6, 0, 9, 4], "texture": "#0"},
				"up": {"uv": [0, 0, 3, 3], "rotation": 90, "texture": "#0"},
				"down": {"uv": [0, 0, 3, 3], "rotation": 270, "texture": "#0"}
			}
		},
		{
			"from": [8, 0, 3],
			"to": [11, 2, 6],
			"rotation": {"angle": -45, "axis": "y", "origin": [9.5, 1.25, 4.5]},
			"faces": {
				"north": {"uv": [6, 0, 9, 4], "texture": "#0"},
				"east": {"uv": [6, 0, 9, 4], "texture": "#0"},
				"south": {"uv": [6, 0, 9, 4], "texture": "#0"},
				"west": {"uv": [6, 0, 9, 4], "texture": "#0"},
				"up": {"uv": [0, 0, 3, 3], "rotation": 180, "texture": "#0"},
				"down": {"uv": [0, 0, 3, 3], "rotation": 180, "texture": "#0"}
			}
		}
	],
	"display": {
		"gui": {
			"rotation": [45, 45, 0],
			"translation": [0, 5, 0]
		},
		"fixed": {
			"rotation": [-90, 0, 0],
			"translation": [0, 0, -14],
			"scale": [2, 2, 2]
		}
	}
}