{
	"credit": "Made with Blockbench",
	"parent": "tropical_fish",
	"textures": {
		"0": "item/tropical_fish",
		"particle": "item/tropical_fish"
	},
	"elements": [
		{
			"from": [-16, -16, 0],
			"to": [32, 32, 0],
			"rotation": {"angle": 0, "axis": "y", "origin": [0, 18, 0]},
			"faces": {
				"north": {"uv": [0, 0, 16, 16], "texture": "#0"},
				"east": {"uv": [0, 0, 0, 16], "texture": "#0"},
				"south": {"uv": [0, 0, 16, 16], "texture": "#0"},
				"west": {"uv": [0, 0, 0, 16], "texture": "#0"},
				"up": {"uv": [0, 0, 16, 0], "texture": "#0"},
				"down": {"uv": [0, 0, 16, 0], "texture": "#0"}
			}
		}
	],
	"display": {
		"thirdperson_righthand": {
			"scale": [0, 0, 0]
		},
		"thirdperson_lefthand": {
			"scale": [0, 0, 0]
		},
		"firstperson_righthand": {
			"translation": [-9, 7.75, -12]
		},
		"firstperson_lefthand": {
			"translation": [-9.5, 8.25, 0],
			"scale": [0.5, 0.5, 0.5]
		},
		"gui": {
			"scale": [0, 0, 0]
		},
		"fixed": {
			"translation": [0, 0, 32],
			"scale": [4, 4, 4]
		}
	}
}