{
	"credit": "Made with Blockbench",
	"parent": "white_dye",
	"textures": {
		"0": "item/white_dye",
		"particle": "item/white_dye"
	},
	"elements": [
		{
			"from": [8, 0, 8],
			"to": [11, 0.5, 11],
			"rotation": {"angle": 22.5, "axis": "y", "origin": [9.5, 0, 9.5]},
			"faces": {
				"north": {"uv": [3, 3, 6, 3.5], "texture": "#0"},
				"east": {"uv": [3, 2, 6, 2.5], "texture": "#0"},
				"south": {"uv": [3, 1, 6, 1.5], "texture": "#0"},
				"west": {"uv": [3, 0, 6, 0.5], "texture": "#0"},
				"up": {"uv": [0, 3, 3, 6], "texture": "#0"},
				"down": {"uv": [0, 0, 3, 3], "texture": "#0"}
			}
		},
		{
			"from": [6, 0, 4],
			"to": [9, 0.5, 7],
			"rotation": {"angle": 45, "axis": "y", "origin": [7.5, 0, 5.5]},
			"faces": {
				"north": {"uv": [3, 0, 6, 1], "texture": "#0"},
				"east": {"uv": [3, 1, 6, 2], "texture": "#0"},
				"south": {"uv": [3, 2, 6, 3], "texture": "#0"},
				"west": {"uv": [3, 3, 6, 4], "texture": "#0"},
				"up": {"uv": [3, 3, 0, 0], "texture": "#0"},
				"down": {"uv": [3, 3, 0, 6], "texture": "#0"}
			}
		},
		{
			"from": [4, 0, 8],
			"to": [7, 0.5, 11],
			"rotation": {"angle": 0, "axis": "y", "origin": [5.5, 0, 9.5]},
			"faces": {
				"north": {"uv": [3, 3, 6, 3.5], "texture": "#0"},
				"east": {"uv": [3, 2, 6, 2.5], "texture": "#0"},
				"south": {"uv": [3, 1, 6, 1.5], "texture": "#0"},
				"west": {"uv": [3, 0, 6, 0.5], "texture": "#0"},
				"up": {"uv": [0, 0, 3, 3], "texture": "#0"},
				"down": {"uv": [0, 3, 3, 6], "texture": "#0"}
			}
		}
	],
	"display": {
		"gui": {
			"rotation": [45, 45, 0],
			"translation": [0, 5, 0]
		},
		"fixed": {
			"rotation": [-90, 0, 0],
			"translation": [0, 0, -14],
			"scale": [2, 2, 2]
		}
	}
}