{
	"credit": "Made with Blockbench",
	"parent": "item/black_dye",
	"texture_size": [64, 64],
	"textures": {
		"1": "item/black_dye",
		"particle": "item/black_dye"
	},
	"elements": [
		{
			"from": [5, -16, 7],
			"to": [7, 12, 9],
			"rotation": {"angle": 0, "axis": "y", "origin": [5, -16, 7]},
			"faces": {
				"north": {"uv": [14, 1, 14.5, 8], "texture": "#1"},
				"east": {"uv": [14.5, 1, 15, 8], "texture": "#1"},
				"south": {"uv": [15, 1, 15.5, 8], "texture": "#1"},
				"west": {"uv": [15.5, 1, 16, 8], "texture": "#1"},
				"up": {"uv": [15, 0.5, 14.5, 0], "texture": "#1"},
				"down": {"uv": [15.5, 0, 15, 0.5], "texture": "#1"}
			}
		},
		{
			"from": [2, -7, 7],
			"to": [4, 21, 9],
			"rotation": {"angle": 0, "axis": "x", "origin": [3, 20, 8]},
			"faces": {
				"north": {"uv": [15, 1, 15.5, 8], "texture": "#1"},
				"east": {"uv": [15.5, 1, 16, 8], "texture": "#1"},
				"south": {"uv": [14, 1, 14.5, 8], "texture": "#1"},
				"west": {"uv": [14.5, 1, 15, 8], "texture": "#1"},
				"up": {"uv": [15, 0.5, 14.5, 0], "texture": "#1"},
				"down": {"uv": [15.5, 0, 15, 0.5], "texture": "#1"}
			}
		},
		{
			"from": [12, -7, 7],
			"to": [14, 21, 9],
			"rotation": {"angle": 0, "axis": "x", "origin": [13, 20, 8]},
			"faces": {
				"north": {"uv": [14, 1, 14.5, 8], "texture": "#1"},
				"east": {"uv": [14.5, 1, 15, 8], "texture": "#1"},
				"south": {"uv": [15.5, 1, 16, 8], "texture": "#1"},
				"west": {"uv": [15, 1, 15.5, 8], "texture": "#1"},
				"up": {"uv": [15, 0.5, 14.5, 0], "texture": "#1"},
				"down": {"uv": [15.5, 0, 15, 0.5], "texture": "#1"}
			}
		},
		{
			"from": [9, -16, 7],
			"to": [11, 12, 9],
			"rotation": {"angle": 0, "axis": "y", "origin": [9, -16, 7]},
			"faces": {
				"north": {"uv": [15.5, 1, 16, 8], "texture": "#1"},
				"east": {"uv": [14, 1, 14.5, 8], "texture": "#1"},
				"south": {"uv": [14.5, 1, 15, 8], "texture": "#1"},
				"west": {"uv": [15, 1, 15.5, 8], "texture": "#1"},
				"up": {"uv": [15.5, 0.5, 15, 0], "texture": "#1"},
				"down": {"uv": [15, 0, 14.5, 0.5], "texture": "#1"}
			}
		},
		{
			"from": [4, 21, 4],
			"to": [12, 29, 12],
			"rotation": {"angle": -22.5, "axis": "x", "origin": [8, 21, 8]},
			"faces": {
				"north": {"uv": [2, 2, 4, 4], "texture": "#1"},
				"east": {"uv": [0, 2, 2, 4], "texture": "#1"},
				"south": {"uv": [6, 2, 8, 4], "texture": "#1"},
				"west": {"uv": [4, 2, 6, 4], "texture": "#1"},
				"up": {"uv": [4, 2, 2, 0], "texture": "#1"},
				"down": {"uv": [6, 4, 4, 6], "texture": "#1"}
			}
		},
		{
			"from": [4, 10, 6],
			"to": [12, 21, 10],
			"rotation": {"angle": 0, "axis": "y", "origin": [4, 4, 4]},
			"faces": {
				"north": {"uv": [12, 5.25, 14, 8], "texture": "#1"},
				"east": {"uv": [9, 5.25, 10, 8], "texture": "#1"},
				"south": {"uv": [10, 5.25, 12, 8], "texture": "#1"},
				"west": {"uv": [8, 5.25, 9, 8], "texture": "#1"},
				"up": {"uv": [13, 5, 11, 4], "texture": "#1"},
				"down": {"uv": [11, 4, 9, 5], "texture": "#1"}
			}
		}
	],
	"display": {
		"head": {
			"translation": [0, -4.75, 0],
			"scale": [1.6, 1.6, 1.6]
		},
		"fixed": {
			"rotation": [-90, 0, 0],
			"translation": [0, 0, -44],
			"scale": [2, 2, 2]
		}
	}
}