{
	"credit": "Made with Blockbench",
	"parent": "light_blue_dye",
	"texture_size": [64, 64],
	"textures": {
		"1": "item/light_blue_dye",
		"particle": "block/texture"
	},
	"elements": [
		{
			"from": [4, 24, 4],
			"to": [12, 32, 12],
			"rotation": {"angle": 0, "axis": "y", "origin": [4, 24, 4]},
			"faces": {
				"north": {"uv": [2, 2, 4, 4], "texture": "#1"},
				"east": {"uv": [0, 2, 2, 4], "texture": "#1"},
				"south": {"uv": [6, 2, 8, 4], "texture": "#1"},
				"west": {"uv": [4, 2, 6, 4], "texture": "#1"},
				"up": {"uv": [4, 2, 2, 0], "texture": "#1"},
				"down": {"uv": [6, 0, 4, 2], "texture": "#1"}
			}
		},
		{
			"name": "torso",
			"from": [4, 12, 10],
			"to": [12, 24, 10],
			"rotation": {"angle": 0, "axis": "y", "origin": [4, 16, 4]},
			"faces": {
				"north": {"uv": [8, 5, 10, 8], "texture": "#1"},
				"east": {"uv": [0, 0, 0, 3], "texture": "#1"},
				"south": {"uv": [8, 5, 10, 8], "texture": "#1"},
				"west": {"uv": [0, 0, 0, 3], "texture": "#1"},
				"up": {"uv": [2, 0, 0, 0], "texture": "#1"},
				"down": {"uv": [2, 0, 0, 0], "texture": "#1"}
			}
		},
		{
			"name": "torso",
			"from": [4, 24, 6],
			"to": [12, 24, 10],
			"rotation": {"angle": 0, "axis": "y", "origin": [4, 16, 4]},
			"faces": {
				"north": {"uv": [0, 0, 2, 0], "texture": "#1"},
				"east": {"uv": [0, 0, 1, 0], "texture": "#1"},
				"south": {"uv": [0, 0, 2, 0], "texture": "#1"},
				"west": {"uv": [0, 0, 1, 0], "texture": "#1"},
				"up": {"uv": [7, 5, 5, 4], "texture": "#1"},
				"down": {"uv": [7, 4, 5, 5], "texture": "#1"}
			}
		},
		{
			"name": "torso",
			"from": [4, 12, 6],
			"to": [12, 12, 10],
			"rotation": {"angle": 0, "axis": "y", "origin": [4, 4, 4]},
			"faces": {
				"north": {"uv": [0, 0, 2, 0], "texture": "#1"},
				"east": {"uv": [0, 0, 1, 0], "texture": "#1"},
				"south": {"uv": [0, 0, 2, 0], "texture": "#1"},
				"west": {"uv": [0, 0, 1, 0], "texture": "#1"},
				"up": {"uv": [9, 5, 7, 4], "texture": "#1"},
				"down": {"uv": [9, 4, 7, 5], "texture": "#1"}
			}
		},
		{
			"name": "torso",
			"from": [4, 12, 6],
			"to": [12, 24, 6],
			"rotation": {"angle": 0, "axis": "y", "origin": [4, 16, 0]},
			"faces": {
				"north": {"uv": [5, 5, 7, 8], "texture": "#1"},
				"east": {"uv": [0, 0, 0, 3], "texture": "#1"},
				"south": {"uv": [5, 5, 7, 8], "texture": "#1"},
				"west": {"uv": [0, 0, 0, 3], "texture": "#1"},
				"up": {"uv": [2, 0, 0, 0], "texture": "#1"},
				"down": {"uv": [2, 0, 0, 0], "texture": "#1"}
			}
		},
		{
			"name": "torso",
			"from": [4, 12, 6],
			"to": [4, 24, 10],
			"rotation": {"angle": 0, "axis": "y", "origin": [4, 16, 0]},
			"faces": {
				"north": {"uv": [0, 0, 0, 3], "texture": "#1"},
				"east": {"uv": [4, 5, 5, 8], "texture": "#1"},
				"south": {"uv": [0, 0, 0, 3], "texture": "#1"},
				"west": {"uv": [4, 5, 5, 8], "texture": "#1"},
				"up": {"uv": [0, 1, 0, 0], "texture": "#1"},
				"down": {"uv": [0, 0, 0, 1], "texture": "#1"}
			}
		},
		{
			"name": "torso",
			"from": [12, 12, 6],
			"to": [12, 24, 10],
			"rotation": {"angle": 0, "axis": "y", "origin": [12, 16, 0]},
			"faces": {
				"north": {"uv": [0, 0, 0, 3], "texture": "#1"},
				"east": {"uv": [7, 5, 8, 8], "texture": "#1"},
				"south": {"uv": [0, 0, 0, 3], "texture": "#1"},
				"west": {"uv": [7, 5, 8, 8], "texture": "#1"},
				"up": {"uv": [0, 1, 0, 0], "texture": "#1"},
				"down": {"uv": [0, 0, 0, 1], "texture": "#1"}
			}
		},
		{
			"from": [2, 12, 7],
			"to": [4, 24, 9],
			"rotation": {"angle": 0, "axis": "y", "origin": [-4, 16, 4]},
			"faces": {
				"north": {"uv": [10.5, 4.5, 11, 7.5], "texture": "#1"},
				"east": {"uv": [10, 4.5, 10.5, 7.5], "texture": "#1"},
				"south": {"uv": [11.5, 4.5, 12, 7.5], "texture": "#1"},
				"west": {"uv": [11, 4.5, 11.5, 7.5], "texture": "#1"},
				"up": {"uv": [11, 4.5, 10.5, 4], "texture": "#1"},
				"down": {"uv": [11.5, 4, 11, 4.5], "texture": "#1"}
			}
		},
		{
			"from": [12, 12, 7],
			"to": [14, 24, 9],
			"rotation": {"angle": 0, "axis": "y", "origin": [6, 16, 4]},
			"faces": {
				"north": {"uv": [10, 4.5, 10.5, 7.5], "texture": "#1"},
				"east": {"uv": [10.5, 4.5, 11, 7.5], "texture": "#1"},
				"south": {"uv": [11, 4.5, 11.5, 7.5], "texture": "#1"},
				"west": {"uv": [11.5, 4.5, 12, 7.5], "texture": "#1"},
				"up": {"uv": [11.5, 4.5, 11, 4], "texture": "#1"},
				"down": {"uv": [11, 4, 10.5, 4.5], "texture": "#1"}
			}
		},
		{
			"from": [9, 0, 7],
			"to": [11, 12, 9],
			"rotation": {"angle": 0, "axis": "y", "origin": [3, 4, 4]},
			"faces": {
				"north": {"uv": [0, 4.5, 0.5, 7.5], "texture": "#1"},
				"east": {"uv": [0.5, 4.5, 1, 7.5], "texture": "#1"},
				"south": {"uv": [1, 4.5, 1.5, 7.5], "texture": "#1"},
				"west": {"uv": [1.5, 4.5, 2, 7.5], "texture": "#1"},
				"up": {"uv": [1, 4.5, 0.5, 4], "texture": "#1"},
				"down": {"uv": [1.5, 4, 1, 4.5], "texture": "#1"}
			}
		},
		{
			"from": [5, 0, 7],
			"to": [7, 12, 9],
			"rotation": {"angle": 0, "axis": "y", "origin": [-1, 4, 4]},
			"faces": {
				"north": {"uv": [1, 4.5, 1.5, 7.5], "texture": "#1"},
				"east": {"uv": [1.5, 4.5, 2, 7.5], "texture": "#1"},
				"south": {"uv": [0, 4.5, 0.5, 7.5], "texture": "#1"},
				"west": {"uv": [0.5, 4.5, 1, 7.5], "texture": "#1"},
				"up": {"uv": [1, 4.5, 0.5, 4], "texture": "#1"},
				"down": {"uv": [1.5, 4, 1, 4.5], "texture": "#1"}
			}
		}
	],
	"display": {
		"head": {
			"translation": [0, -32, 0],
			"scale": [1.6, 1.6, 1.6]
		},
		"fixed": {
			"rotation": [-90, 0, 0],
			"translation": [0, 0, -14],
			"scale": [2, 2, 2]
		}
	}
}