{
	"credit": "Made with Blockbench",
	"parent": "pink_dye",
	"texture_size": [64, 64],
	"textures": {
		"2": "item/pink_dye",
		"particle": "item/pink_dye"
	},
	"elements": [
		{
			"name": "head",
			"from": [4, 24, 4],
			"to": [12, 32, 12],
			"rotation": {"angle": 0, "axis": "y", "origin": [8, 20, 8]},
			"faces": {
				"north": {"uv": [2, 2, 4, 4], "texture": "#2"},
				"east": {"uv": [0, 2, 2, 4], "texture": "#2"},
				"south": {"uv": [6, 2, 8, 4], "texture": "#2"},
				"west": {"uv": [4, 2, 6, 4], "texture": "#2"},
				"up": {"uv": [4, 2, 2, 0], "texture": "#2"},
				"down": {"uv": [6, 0, 4, 2], "texture": "#2"}
			}
		},
		{
			"name": "right arm",
			"from": [12, 20, -2],
			"to": [16, 24, 10],
			"rotation": {"angle": 0, "axis": "x", "origin": [14, 22, 8]},
			"faces": {
				"north": {"uv": [11, 12, 10, 13], "rotation": 180, "texture": "#2"},
				"east": {"uv": [8, 13, 9, 16], "rotation": 270, "texture": "#2"},
				"south": {"uv": [10, 13, 9, 12], "texture": "#2"},
				"west": {"uv": [10, 13, 11, 16], "rotation": 90, "texture": "#2"},
				"up": {"uv": [9, 13, 10, 16], "rotation": 180, "texture": "#2"},
				"down": {"uv": [11, 13, 12, 16], "texture": "#2"}
			}
		},
		{
			"name": "left arm",
			"from": [0, 20, -2],
			"to": [4, 24, 10],
			"rotation": {"angle": 0, "axis": "x", "origin": [2, 22, 8]},
			"faces": {
				"north": {"uv": [13, 4, 12, 5], "rotation": 180, "texture": "#2"},
				"east": {"uv": [12, 5, 13, 8], "rotation": 270, "texture": "#2"},
				"south": {"uv": [12, 5, 11, 4], "texture": "#2"},
				"west": {"uv": [10, 5, 11, 8], "rotation": 90, "texture": "#2"},
				"up": {"uv": [11, 5, 12, 8], "rotation": 180, "texture": "#2"},
				"down": {"uv": [13, 5, 14, 8], "texture": "#2"}
			}
		},
		{
			"name": "torso",
			"from": [4, 12, 6],
			"to": [12, 24, 10],
			"rotation": {"angle": 0, "axis": "y", "origin": [8, 12, 6]},
			"faces": {
				"north": {"uv": [5, 5, 7, 8], "texture": "#2"},
				"east": {"uv": [7, 5, 8, 8], "texture": "#2"},
				"south": {"uv": [8, 5, 10, 8], "texture": "#2"},
				"west": {"uv": [4, 5, 5, 8], "texture": "#2"},
				"up": {"uv": [7, 5, 5, 4], "texture": "#2"},
				"down": {"uv": [9, 4, 7, 5], "texture": "#2"}
			}
		},
		{
			"name": "right leg",
			"from": [8, 0, 6],
			"to": [12, 12, 10],
			"rotation": {"angle": 0, "axis": "y", "origin": [8, 0, 6]},
			"faces": {
				"north": {"uv": [7, 13, 8, 16], "texture": "#2"},
				"east": {"uv": [6, 13, 7, 16], "texture": "#2"},
				"south": {"uv": [5, 13, 6, 16], "texture": "#2"},
				"west": {"uv": [4, 13, 5, 16], "texture": "#2"},
				"up": {"uv": [6, 13, 5, 12], "texture": "#2"},
				"down": {"uv": [7, 12, 6, 13], "texture": "#2"}
			}
		},
		{
			"name": "left leg",
			"from": [4, 0, 6],
			"to": [8, 12, 10],
			"rotation": {"angle": 0, "axis": "y", "origin": [4, 0, 6]},
			"faces": {
				"north": {"uv": [3, 5, 4, 8], "texture": "#2"},
				"east": {"uv": [2, 5, 3, 8], "texture": "#2"},
				"south": {"uv": [1, 5, 2, 8], "texture": "#2"},
				"west": {"uv": [0, 5, 1, 8], "texture": "#2"},
				"up": {"uv": [2, 5, 1, 4], "texture": "#2"},
				"down": {"uv": [3, 4, 2, 5], "texture": "#2"}
			}
		}
	],
	"display": {
		"head": {
			"translation": [0, -32, 0],
			"scale": [1.6, 1.6, 1.6]
		},
		"fixed": {
			"rotation": [-90, 0, 0],
			"translation": [0, 0, -14],
			"scale": [2, 2, 2]
		}
	},
	"groups": [
		{
			"name": "zombie",
			"origin": [4, 0, 6],
			"color": 0,
			"children": [0, 1, 2, 3, 4, 5]
		}
	]
}