{
	"credit": "Made with Blockbench",
	"parent": "purple_dye",
	"texture_size": [32, 32],
	"textures": {
		"1": "item/purple_dye",
		"particle": "block/texture"
	},
	"elements": [
		{
			"from": [4, 20, 4],
			"to": [12, 28, 12],
			"rotation": {"angle": 0, "axis": "y", "origin": [10, 20, 10]},
			"faces": {
				"north": {"uv": [4, 4, 8, 8], "texture": "#1"},
				"east": {"uv": [0, 4, 4, 8], "texture": "#1"},
				"south": {"uv": [12, 4, 16, 8], "texture": "#1"},
				"west": {"uv": [8, 4, 12, 8], "texture": "#1"},
				"up": {"uv": [8, 4, 4, 0], "texture": "#1"},
				"down": {"uv": [12, 0, 8, 4], "texture": "#1"}
			}
		},
		{
			"from": [11, 14, 1],
			"to": [13, 22, 3],
			"rotation": {"angle": 0, "axis": "y", "origin": [11, 14, 1]},
			"faces": {
				"north": {"uv": [1, 9, 2, 13], "texture": "#1"},
				"east": {"uv": [0, 9, 1, 13], "texture": "#1"},
				"south": {"uv": [2, 9, 3, 13], "texture": "#1"},
				"west": {"uv": [3, 9, 4, 13], "texture": "#1"},
				"up": {"uv": [1, 9, 0, 8], "texture": "#1"},
				"down": {"uv": [2, 8, 1, 9], "texture": "#1"}
			}
		},
		{
			"from": [1, 13, 3],
			"to": [3, 21, 5],
			"rotation": {"angle": 0, "axis": "y", "origin": [1, 13, 3]},
			"faces": {
				"north": {"uv": [1, 9, 2, 13], "texture": "#1"},
				"east": {"uv": [0, 9, 1, 13], "texture": "#1"},
				"south": {"uv": [2, 9, 3, 13], "texture": "#1"},
				"west": {"uv": [3, 9, 4, 13], "texture": "#1"},
				"up": {"uv": [1, 9, 0, 8], "texture": "#1"},
				"down": {"uv": [2, 8, 1, 9], "texture": "#1"}
			}
		},
		{
			"from": [2, 14, 13],
			"to": [4, 22, 15],
			"rotation": {"angle": 0, "axis": "y", "origin": [2, 14, 13]},
			"faces": {
				"north": {"uv": [1, 9, 2, 13], "texture": "#1"},
				"east": {"uv": [0, 9, 1, 13], "texture": "#1"},
				"south": {"uv": [2, 9, 3, 13], "texture": "#1"},
				"west": {"uv": [3, 9, 4, 13], "texture": "#1"},
				"up": {"uv": [1, 9, 0, 8], "texture": "#1"},
				"down": {"uv": [2, 8, 1, 9], "texture": "#1"}
			}
		},
		{
			"from": [13, 13, 12],
			"to": [15, 21, 14],
			"rotation": {"angle": 0, "axis": "y", "origin": [13, 13, 12]},
			"faces": {
				"north": {"uv": [1, 9, 2, 13], "texture": "#1"},
				"east": {"uv": [0, 9, 1, 13], "texture": "#1"},
				"south": {"uv": [2, 9, 3, 13], "texture": "#1"},
				"west": {"uv": [3, 9, 4, 13], "texture": "#1"},
				"up": {"uv": [1, 9, 0, 8], "texture": "#1"},
				"down": {"uv": [2, 8, 1, 9], "texture": "#1"}
			}
		},
		{
			"from": [11, 5, 9],
			"to": [13, 13, 11],
			"rotation": {"angle": 0, "axis": "y", "origin": [11, 5, 9]},
			"faces": {
				"north": {"uv": [1, 9, 2, 13], "texture": "#1"},
				"east": {"uv": [0, 9, 1, 13], "texture": "#1"},
				"south": {"uv": [2, 9, 3, 13], "texture": "#1"},
				"west": {"uv": [3, 9, 4, 13], "texture": "#1"},
				"up": {"uv": [1, 9, 0, 8], "texture": "#1"},
				"down": {"uv": [2, 8, 1, 9], "texture": "#1"}
			}
		},
		{
			"from": [5, 5, 3],
			"to": [7, 13, 5],
			"rotation": {"angle": 0, "axis": "y", "origin": [5, 5, 3]},
			"faces": {
				"north": {"uv": [1, 9, 2, 13], "texture": "#1"},
				"east": {"uv": [0, 9, 1, 13], "texture": "#1"},
				"south": {"uv": [2, 9, 3, 13], "texture": "#1"},
				"west": {"uv": [3, 9, 4, 13], "texture": "#1"},
				"up": {"uv": [1, 9, 0, 8], "texture": "#1"},
				"down": {"uv": [2, 8, 1, 9], "texture": "#1"}
			}
		},
		{
			"from": [3, 4, 9],
			"to": [5, 12, 11],
			"rotation": {"angle": 0, "axis": "y", "origin": [3, 4, 9]},
			"faces": {
				"north": {"uv": [1, 9, 2, 13], "texture": "#1"},
				"east": {"uv": [0, 9, 1, 13], "texture": "#1"},
				"south": {"uv": [2, 9, 3, 13], "texture": "#1"},
				"west": {"uv": [3, 9, 4, 13], "texture": "#1"},
				"up": {"uv": [1, 9, 0, 8], "texture": "#1"},
				"down": {"uv": [2, 8, 1, 9], "texture": "#1"}
			}
		},
		{
			"from": [11, 4, 4],
			"to": [13, 12, 6],
			"rotation": {"angle": 0, "axis": "y", "origin": [11, 4, 4]},
			"faces": {
				"north": {"uv": [1, 9, 2, 13], "texture": "#1"},
				"east": {"uv": [0, 9, 1, 13], "texture": "#1"},
				"south": {"uv": [2, 9, 3, 13], "texture": "#1"},
				"west": {"uv": [3, 9, 4, 13], "texture": "#1"},
				"up": {"uv": [1, 9, 0, 8], "texture": "#1"},
				"down": {"uv": [2, 8, 1, 9], "texture": "#1"}
			}
		},
		{
			"from": [4, 19, -2],
			"to": [6, 27, 0],
			"rotation": {"angle": 0, "axis": "y", "origin": [4, 19, -2]},
			"faces": {
				"north": {"uv": [1, 9, 2, 13], "texture": "#1"},
				"east": {"uv": [0, 9, 1, 13], "texture": "#1"},
				"south": {"uv": [2, 9, 3, 13], "texture": "#1"},
				"west": {"uv": [3, 9, 4, 13], "texture": "#1"},
				"up": {"uv": [1, 9, 0, 8], "texture": "#1"},
				"down": {"uv": [2, 8, 1, 9], "texture": "#1"}
			}
		},
		{
			"from": [-2, 18, 9],
			"to": [0, 26, 11],
			"rotation": {"angle": 0, "axis": "y", "origin": [-2, 18, 9]},
			"faces": {
				"north": {"uv": [1, 9, 2, 13], "texture": "#1"},
				"east": {"uv": [0, 9, 1, 13], "texture": "#1"},
				"south": {"uv": [2, 9, 3, 13], "texture": "#1"},
				"west": {"uv": [3, 9, 4, 13], "texture": "#1"},
				"up": {"uv": [1, 9, 0, 8], "texture": "#1"},
				"down": {"uv": [2, 8, 1, 9], "texture": "#1"}
			}
		},
		{
			"from": [9, 19, 16],
			"to": [11, 27, 18],
			"rotation": {"angle": 0, "axis": "y", "origin": [9, 19, 16]},
			"faces": {
				"north": {"uv": [1, 9, 2, 13], "texture": "#1"},
				"east": {"uv": [0, 9, 1, 13], "texture": "#1"},
				"south": {"uv": [2, 9, 3, 13], "texture": "#1"},
				"west": {"uv": [3, 9, 4, 13], "texture": "#1"},
				"up": {"uv": [1, 9, 0, 8], "texture": "#1"},
				"down": {"uv": [2, 8, 1, 9], "texture": "#1"}
			}
		},
		{
			"from": [16, 18, 5],
			"to": [18, 26, 7],
			"rotation": {"angle": 0, "axis": "y", "origin": [16, 18, 5]},
			"faces": {
				"north": {"uv": [1, 9, 2, 13], "texture": "#1"},
				"east": {"uv": [0, 9, 1, 13], "texture": "#1"},
				"south": {"uv": [2, 9, 3, 13], "texture": "#1"},
				"west": {"uv": [3, 9, 4, 13], "texture": "#1"},
				"up": {"uv": [1, 9, 0, 8], "texture": "#1"},
				"down": {"uv": [2, 8, 1, 9], "texture": "#1"}
			}
		}
	],
	"display": {
		"head": {
			"translation": [0, -20, 0],
			"scale": [1.6, 1.6, 1.6]
		},
		"fixed": {
			"rotation": [-90, 0, 0],
			"translation": [0, 0, -18],
			"scale": [2, 2, 2]
		}
	}
}